filename,stretch_name,status,confidence,matched_title,page_url,image_url
neck-side.jpg,Neck Side Stretch,WOULD_FETCH,exact-title,Neck Side Stretch,https://liftmanual.com/neck-side-stretch/,
neck-flexor.jpg,Neck Flexor Stretch,WOULD_FETCH,exact-title,Neck Flexor Stretch,https://liftmanual.com/neck-flexor-stretch/,
neck-extensor.jpg,Neck Extensor Stretch,WOULD_FETCH,exact-title,Neck Extensor Stretch,https://liftmanual.com/neck-extensor-stretch/,
chin-to-chest.jpg,Chin to Chest Stretch,WOULD_FETCH,exact-title,Chin to Chest Stretch,https://liftmanual.com/chin-to-chest-stretch/,
chin-tuck.jpg,Chin Tuck,WOULD_FETCH,exact-title,Chin Tuck,https://liftmanual.com/chin-tuck/,
rotating-neck.jpg,Rotating Neck Stretch,WOULD_FETCH,exact-title,Rotating Neck Stretch,https://liftmanual.com/rotating-neck-stretch/,
neck-circle.jpg,Neck Circle Stretch,WOULD_FETCH,exact-title,Neck Circle Stretch,https://liftmanual.com/neck-circle-stretch/,
seated-neck-side.jpg,Seated Neck Side Stretch,WOULD_FETCH,exact-title,Seated Neck Side Stretch,https://liftmanual.com/seated-neck-side-stretch/,
seated-sky-look.jpg,Seated Sky Look,WOULD_FETCH,exact-title,Seated Sky Look,https://liftmanual.com/seated-sky-look/,
ceiling-look.jpg,Ceiling Look Stretch,WOULD_FETCH,exact-title,Ceiling Look Stretch,https://liftmanual.com/ceiling-look-stretch/,
forward-flexion-neck.jpg,Forward Flexion Neck Stretch,WOULD_FETCH,exact-title,Forward Flexion Neck Stretch,https://liftmanual.com/forward-flexion-neck-stretch/,
front-back-neck.jpg,Front and Back Neck Stretch,WOULD_FETCH,exact-title,Front and Back Neck Stretch,https://liftmanual.com/front-and-back-neck-stretch/,
side-push-neck.jpg,Side Push Neck Stretch,WOULD_FETCH,exact-title,Side Push Neck Stretch,https://liftmanual.com/side-push-neck-stretch/,
seated-neck-tap.jpg,Seated Neck Tap,WOULD_FETCH,exact-title,Seated Neck Tap,https://liftmanual.com/seated-neck-tap/,
kneeling-neck.jpg,Kneeling Neck Stretch,WOULD_FETCH,exact-title,Kneeling Neck Stretch,https://liftmanual.com/kneeling-neck-stretch/,
cross-over-shoulder.jpg,Cross Over Shoulder Stretch,WOULD_FETCH,exact-title,Cross Over Shoulder Stretch,https://liftmanual.com/cross-over-shoulder-stretch/,
overhead-triceps.jpg,Overhead Triceps Stretch,WOULD_FETCH,exact-title,Overhead Triceps Stretch,https://liftmanual.com/overhead-triceps-stretch/,
triceps-stretch.jpg,Triceps Stretch,WOULD_FETCH,exact-title,Triceps Stretch,https://liftmanual.com/triceps-stretch/,
bent-arm-chest.jpg,Bent Arm Chest Stretch,WOULD_FETCH,exact-title,Bent Arm Chest Stretch,https://liftmanual.com/bent-arm-chest-stretch/,
reaching-up-shoulder.jpg,Reaching Up Shoulder Stretch,WOULD_FETCH,exact-title,Reaching Up Shoulder Stretch,https://liftmanual.com/reaching-up-shoulder-stretch/,
rear-deltoid.jpg,Rear Deltoid Stretch,WOULD_FETCH,exact-title,Rear Deltoid Stretch,https://liftmanual.com/rear-deltoid-stretch/,
arm-up-rotator.jpg,Arm Up Rotator Stretch,WOULD_FETCH,exact-title,Arm Up Rotator Stretch,https://liftmanual.com/arm-up-rotator-stretch/,
elbows-back.jpg,Elbows Back Stretch,WOULD_FETCH,exact-title,Elbows Back Stretch,https://liftmanual.com/elbows-back-stretch/,
reverse-shoulder.jpg,Reverse Shoulder Stretch,WOULD_FETCH,exact-title,Reverse Shoulder Stretch,https://liftmanual.com/reverse-shoulder-stretch/,
above-head-chest.jpg,Above Head Chest Stretch,WOULD_FETCH,exact-title,Above Head Chest Stretch,https://liftmanual.com/above-head-chest-stretch/,
shoulder-circle.jpg,Shoulder Circle,WOULD_FETCH,exact-title,Shoulder Circle,https://liftmanual.com/shoulder-circle/,
arm-crossover.jpg,Arm Crossover,WOULD_FETCH,exact-title,Arm Crossover,https://liftmanual.com/arm-crossover/,
wrist-flexor.jpg,Wrist Flexor Stretch,WOULD_FETCH,exact-title,Wrist Flexor Stretch,https://liftmanual.com/wrist-flexor-stretch/,
wrist-extensor.jpg,Wrist Extensor Stretch,WOULD_FETCH,exact-title,Wrist Extensor Stretch,https://liftmanual.com/wrist-extensor-stretch/,
wrist-circles.jpg,Wrist Circles,WOULD_FETCH,exact-title,Wrist Circles,https://liftmanual.com/wrist-circles/,
finger-extension.jpg,Finger Extension Stretch,WOULD_FETCH,exact-title,Finger Extension Stretch,https://liftmanual.com/finger-extension-stretch/,
finger-flexor.jpg,Finger Flexor Stretch,WOULD_FETCH,exact-title,Finger Flexor Stretch,https://liftmanual.com/finger-flexor-stretch/,
thumb-stretch.jpg,Thumb Stretch,WOULD_FETCH,exact-title,Thumb Stretch,https://liftmanual.com/thumb-stretch/,
dolphin.jpg,Dolphin Pose,WOULD_FETCH,exact-title,Dolphin Pose,https://liftmanual.com/dolphin-pose/,
humble-warrior.jpg,Humble Warrior Pose,WOULD_FETCH,exact-title,Humble Warrior Pose,https://liftmanual.com/humble-warrior-pose/,
fish.jpg,Fish Pose Matsyasana,WOULD_FETCH,exact-title,Fish Pose Matsyasana,https://liftmanual.com/fish-pose-matsyasana/,
crab.jpg,Crab Pose,WOULD_FETCH,exact-title,Crab Pose,https://liftmanual.com/crab-pose/,
arm-circles.jpg,Arm Circles,WOULD_FETCH,exact-title,Arm Circles,https://liftmanual.com/arm-circles/,
standing-arms-circling.jpg,Standing Arms Circling,WOULD_FETCH,exact-title,Standing Arms Circling,https://liftmanual.com/standing-arms-circling/,
scapula-retraction.jpg,Scapula Retraction Protraction,WOULD_FETCH,exact-title,Scapula Retraction Protraction,https://liftmanual.com/scapula-retraction-protraction/,
scapula-elevation.jpg,Scapula Elevation Depression,WOULD_FETCH,exact-title,Scapula Elevation Depression,https://liftmanual.com/scapula-elevation-depression/,
kneeling-chest.jpg,Kneeling Chest Stretch,WOULD_FETCH,exact-title,Kneeling Chest Stretch,https://liftmanual.com/kneeling-chest-stretch/,
seated-chest-clam.jpg,Seated Chest Clam,WOULD_FETCH,exact-title,Seated Chest Clam,https://liftmanual.com/seated-chest-clam/,
chest-front-shoulder.jpg,Chest and Front of Shoulder Stretch,WOULD_FETCH,exact-title,Chest and Front of Shoulder Stretch,https://liftmanual.com/chest-and-front-of-shoulder-stretch/,
behind-head-chest.jpg,Behind Head Chest Stretch,WOULD_FETCH,exact-title,Behind Head Chest Stretch,https://liftmanual.com/behind-head-chest-stretch/,
back-pec.jpg,Back Pec Stretch,WOULD_FETCH,exact-title,Back Pec Stretch,https://liftmanual.com/back-pec-stretch/,
standing-one-arm-chest.jpg,Standing One Arm Chest Stretch,WOULD_FETCH,exact-title,Standing One Arm Chest Stretch,https://liftmanual.com/standing-one-arm-chest-stretch/,
reverse-chest.jpg,Reverse Chest Stretch,WOULD_FETCH,exact-title,Reverse Chest Stretch,https://liftmanual.com/reverse-chest-stretch/,
external-shoulder-rotation.jpg,External Shoulder Rotation Stretch,WOULD_FETCH,exact-title,External Shoulder Rotation Stretch,https://liftmanual.com/external-shoulder-rotation-stretch/,
internal-shoulder-rotation.jpg,Internal Shoulder Rotation Stretch,WOULD_FETCH,exact-title,Internal Shoulder Rotation Stretch,https://liftmanual.com/internal-shoulder-rotation-stretch/,
rotator-cuff.jpg,Rotator Cuff Stretch,WOULD_FETCH,exact-title,Rotator Cuff Stretch,https://liftmanual.com/rotator-cuff-stretch/,
elbow-out-rotator.jpg,Elbow Out Rotator Stretch,WOULD_FETCH,exact-title,Elbow Out Rotator Stretch,https://liftmanual.com/elbow-out-rotator-stretch/,
elbow-flexor.jpg,Elbow Flexor Stretch,WOULD_FETCH,exact-title,Elbow Flexor Stretch,https://liftmanual.com/elbow-flexor-stretch/,
forearm-pronator.jpg,Forearm Pronator Stretch,WOULD_FETCH,exact-title,Forearm Pronator Stretch,https://liftmanual.com/forearm-pronator-stretch/,
kneeling-wrist-flexor.jpg,Kneeling Wrist Flexor Stretch,WOULD_FETCH,exact-title,Kneeling Wrist Flexor Stretch,https://liftmanual.com/kneeling-wrist-flexor-stretch/,
forearm-wall-slide.jpg,Forearm Wall Slide,WOULD_FETCH,exact-title,Forearm Wall Slide,https://liftmanual.com/forearm-wall-slide/,
serratus-wall-slide.jpg,Serratus Wall Slide,WOULD_FETCH,exact-title,Serratus Wall Slide,https://liftmanual.com/serratus-wall-slide/,
lying-shoulder-sweep.jpg,Lying Shoulder Sweep,WOULD_FETCH,exact-title,Lying Shoulder Sweep,https://liftmanual.com/lying-shoulder-sweep/,
standing-wring-towel.jpg,Standing Wring the Towel,WOULD_FETCH,exact-title,Standing Wring the Towel,https://liftmanual.com/standing-wring-the-towel/,
overhead-clap.jpg,Overhead Clap,WOULD_FETCH,exact-title,Overhead Clap,https://liftmanual.com/overhead-clap/,
bent-over-pendulum.jpg,Bent Over Shoulder Pendulum,WOULD_FETCH,exact-title,Bent Over Shoulder Pendulum,https://liftmanual.com/bent-over-shoulder-pendulum/,
reaching-upper-back.jpg,Reaching Upper Back Stretch,WOULD_FETCH,exact-title,Reaching Upper Back Stretch,https://liftmanual.com/reaching-upper-back-stretch/,
cat-cow.jpg,Cat Cow Stretch,WOULD_FETCH,exact-title,Cat Cow Stretch,https://liftmanual.com/cat-cow-stretch/,
cat-pose.jpg,Cat Pose,WOULD_FETCH,exact-title,Cat Pose,https://liftmanual.com/cat-pose/,
cow-stretch.jpg,Cow Stretch,WOULD_FETCH,exact-title,Cow Stretch,https://liftmanual.com/cow-stretch/,
child-pose.jpg,Child Pose,WOULD_FETCH,exact-title,Child Pose,https://liftmanual.com/child-pose/,
thread-the-needle.jpg,Thread the Needle Pose,WOULD_FETCH,exact-title,Thread the Needle Pose,https://liftmanual.com/thread-the-needle-pose/,
cobra.jpg,Cobra Yoga Pose,WOULD_FETCH,exact-title,Cobra Yoga Pose,https://liftmanual.com/cobra-yoga-pose/,
sphinx.jpg,Sphinx,WOULD_FETCH,exact-title,Sphinx,https://liftmanual.com/sphinx/,
upward-dog.jpg,Upward Facing Dog,WOULD_FETCH,exact-title,Upward Facing Dog,https://liftmanual.com/upward-facing-dog/,
puppy-pose.jpg,Puppy Pose,WOULD_FETCH,exact-title,Puppy Pose,https://liftmanual.com/puppy-pose/,
seated-back-twist.jpg,Seated Back Twist,WOULD_FETCH,exact-title,Seated Back Twist,https://liftmanual.com/seated-back-twist/,
supine-twist.jpg,Supine Spinal Twist Yoga Pose,WOULD_FETCH,exact-title,Supine Spinal Twist Yoga Pose,https://liftmanual.com/supine-spinal-twist-yoga-pose/,
knee-to-chest.jpg,Knee to Chest Stretch,WOULD_FETCH,exact-title,Knee to Chest Stretch,https://liftmanual.com/knee-to-chest-stretch/,
lying-knee-to-chest.jpg,Lying Knee to Chest Stretch,WOULD_FETCH,exact-title,Lying Knee to Chest Stretch,https://liftmanual.com/lying-knee-to-chest-stretch/,
double-knee-to-chest.jpg,Pavanamuktasana Yoga Pose,WOULD_FETCH,exact-title,Pavanamuktasana Yoga Pose,https://liftmanual.com/pavanamuktasana-yoga-pose/,
lying-lower-back.jpg,Lying Lower Back Stretch,WOULD_FETCH,exact-title,Lying Lower Back Stretch,https://liftmanual.com/lying-lower-back-stretch/,
lying-knee-roll.jpg,Lying Knee Roll Over Stretch,WOULD_FETCH,exact-title,Lying Knee Roll Over Stretch,https://liftmanual.com/lying-knee-roll-over-stretch/,
seated-lower-back.jpg,Seated Lower Back Stretch,WOULD_FETCH,exact-title,Seated Lower Back Stretch,https://liftmanual.com/seated-lower-back-stretch/,
standing-back-rotation.jpg,Standing Back Rotation Stretch,WOULD_FETCH,exact-title,Standing Back Rotation Stretch,https://liftmanual.com/standing-back-rotation-stretch/,
middle-back.jpg,Middle Back Stretch,WOULD_FETCH,exact-title,Middle Back Stretch,https://liftmanual.com/middle-back-stretch/,
upper-back.jpg,Upper Back Stretch,WOULD_FETCH,exact-title,Upper Back Stretch,https://liftmanual.com/upper-back-stretch/,
child-to-cobra.jpg,Child to Cobra Pose,WOULD_FETCH,exact-title,Child to Cobra Pose,https://liftmanual.com/child-to-cobra-pose/,
kneeling-back-rotation.jpg,Kneeling Back Rotation Stretch,WOULD_FETCH,exact-title,Kneeling Back Rotation Stretch,https://liftmanual.com/kneeling-back-rotation-stretch/,
back-stretch.jpg,Back Stretch,WOULD_FETCH,exact-title,Back Stretch,https://liftmanual.com/back-stretch/,
bow-pose.jpg,Bow Yoga Pose,WOULD_FETCH,exact-title,Bow Yoga Pose,https://liftmanual.com/bow-yoga-pose/,
camel.jpg,Camel Pose,WOULD_FETCH,exact-title,Camel Pose,https://liftmanual.com/camel-pose/,
bridge.jpg,Bridge Pose Setu Bandhasana,WOULD_FETCH,exact-title,Bridge Pose Setu Bandhasana,https://liftmanual.com/bridge-pose-setu-bandhasana/,
wheel.jpg,Wheel Pose Urdhva Dhanurasana,WOULD_FETCH,exact-title,Wheel Pose Urdhva Dhanurasana,https://liftmanual.com/wheel-pose-urdhva-dhanurasana/,
plow.jpg,Plow Yoga Pose,WOULD_FETCH,exact-title,Plow Yoga Pose,https://liftmanual.com/plow-yoga-pose/,
open-book.jpg,Open Book Stretch,WOULD_FETCH,exact-title,Open Book Stretch,https://liftmanual.com/open-book-stretch/,
inchworm.jpg,Bodyweight Front Plank to Downward Dog,WOULD_FETCH,exact-title,Bodyweight Front Plank to Downward Dog,https://liftmanual.com/bodyweight-front-plank-to-downward-dog/,
thoracic-bridge.jpg,Thoracic Bridge,WOULD_FETCH,exact-title,Thoracic Bridge,https://liftmanual.com/thoracic-bridge/,
kneeling-tspine.jpg,Kneeling T Spine Mobility,WOULD_FETCH,exact-title,Kneeling T Spine Mobility,https://liftmanual.com/kneeling-t-spine-mobility/,
seated-spinal-twist.jpg,Ardha Matsyendrasana Yoga Pose,WOULD_FETCH,exact-title,Ardha Matsyendrasana Yoga Pose,https://liftmanual.com/ardha-matsyendrasana-yoga-pose/,
lying-crossover.jpg,Lying Crossover Stretch,WOULD_FETCH,exact-title,Lying Crossover Stretch,https://liftmanual.com/lying-crossover-stretch/,
spine-twist.jpg,Spine Twist,WOULD_FETCH,exact-title,Spine Twist,https://liftmanual.com/spine-twist/,
spine-stretch-forward.jpg,Spine Stretch Forward,WOULD_FETCH,exact-title,Spine Stretch Forward,https://liftmanual.com/spine-stretch-forward/,
big-turn-back.jpg,Standing Reach Up Back Rotation Stretch,WOULD_FETCH,exact-title,Standing Reach Up Back Rotation Stretch,https://liftmanual.com/standing-reach-up-back-rotation-stretch/,
kneeling-lat.jpg,Kneeling Lat Stretch,WOULD_FETCH,exact-title,Kneeling Lat Stretch,https://liftmanual.com/kneeling-lat-stretch/,
one-arm-lat.jpg,One Arm Lat Stretch,WOULD_FETCH,exact-title,One Arm Lat Stretch,https://liftmanual.com/one-arm-lat-stretch/,
side-lat.jpg,Side Lat Stretch,WOULD_FETCH,exact-title,Side Lat Stretch,https://liftmanual.com/side-lat-stretch/,
superman-chest.jpg,Superman Chest Stretch,WOULD_FETCH,exact-title,Superman Chest Stretch,https://liftmanual.com/superman-chest-stretch/,
crocodile.jpg,Crocodile Yoga Pose,WOULD_FETCH,exact-title,Crocodile Yoga Pose,https://liftmanual.com/crocodile-yoga-pose/,
lying-upper-body-rotation.jpg,Lying Upper Body Rotation,WOULD_FETCH,exact-title,Lying Upper Body Rotation,https://liftmanual.com/lying-upper-body-rotation/,
rollover.jpg,Rollover,WOULD_FETCH,exact-title,Rollover,https://liftmanual.com/rollover/,
half-sun-salutation.jpg,Half Sun Salutation,WOULD_FETCH,exact-title,Half Sun Salutation,https://liftmanual.com/half-sun-salutation/,
standing-back-extension-flexion.jpg,Standing Back Extension and Flexion,WOULD_FETCH,exact-title,Standing Back Extension and Flexion,https://liftmanual.com/standing-back-extension-and-flexion/,
standing-upper-body-rotation.jpg,Standing Upper Body Rotation,WOULD_FETCH,exact-title,Standing Upper Body Rotation,https://liftmanual.com/standing-upper-body-rotation/,
bent-over-twist.jpg,Bent Over Twist,WOULD_FETCH,exact-title,Bent Over Twist,https://liftmanual.com/bent-over-twist/,
pigeon.jpg,Pigeon Hip Stretch,WOULD_FETCH,exact-title,Pigeon Hip Stretch,https://liftmanual.com/pigeon-hip-stretch/,
half-pigeon.jpg,Half Pigeon Hip Stretch,WOULD_FETCH,exact-title,Half Pigeon Hip Stretch,https://liftmanual.com/half-pigeon-hip-stretch/,
double-pigeon.jpg,Double Pigeon Pose,WOULD_FETCH,exact-title,Double Pigeon Pose,https://liftmanual.com/double-pigeon-pose/,
butterfly.jpg,Butterfly Yoga Pose,WOULD_FETCH,exact-title,Butterfly Yoga Pose,https://liftmanual.com/butterfly-yoga-pose/,
butterfly-flaps.jpg,Butterfly Yoga Flaps,WOULD_FETCH,exact-title,Butterfly Yoga Flaps,https://liftmanual.com/butterfly-yoga-flaps/,
frog.jpg,Frog Pose Mandukasana,WOULD_FETCH,exact-title,Frog Pose Mandukasana,https://liftmanual.com/frog-pose-mandukasana/,
rocking-frog.jpg,Rocking Frog Stretch,WOULD_FETCH,exact-title,Rocking Frog Stretch,https://liftmanual.com/rocking-frog-stretch/,
happy-baby.jpg,Happy Baby Pose,WOULD_FETCH,exact-title,Happy Baby Pose,https://liftmanual.com/happy-baby-pose/,
seated-glute.jpg,Seated Glute Stretch,WOULD_FETCH,exact-title,Seated Glute Stretch,https://liftmanual.com/seated-glute-stretch/,
lying-glute.jpg,Lying Glute Stretch,WOULD_FETCH,exact-title,Lying Glute Stretch,https://liftmanual.com/lying-glute-stretch/,
seated-piriformis.jpg,Seated Piriformis Stretch,WOULD_FETCH,exact-title,Seated Piriformis Stretch,https://liftmanual.com/seated-piriformis-stretch/,
figure-four.jpg,Standing Figure Four Pose,WOULD_FETCH,exact-title,Standing Figure Four Pose,https://liftmanual.com/standing-figure-four-pose/,
low-lunge.jpg,Low Lunge,WOULD_FETCH,exact-title,Low Lunge,https://liftmanual.com/low-lunge/,
high-lunge.jpg,High Lunge,WOULD_FETCH,exact-title,High Lunge,https://liftmanual.com/high-lunge/,
kneeling-hip-flexor.jpg,Kneeling Hip Flexor,WOULD_FETCH,exact-title,Kneeling Hip Flexor,https://liftmanual.com/kneeling-hip-flexor/,
standing-hip-flexor.jpg,Standing Hip Flexor Stretch,WOULD_FETCH,exact-title,Standing Hip Flexor Stretch,https://liftmanual.com/standing-hip-flexor-stretch/,
couch-stretch.jpg,Couch Stretch,WOULD_FETCH,exact-title,Couch Stretch,https://liftmanual.com/couch-stretch/,
lizard.jpg,Lizard Pose,WOULD_FETCH,exact-title,Lizard Pose,https://liftmanual.com/lizard-pose/,
garland.jpg,Garland Pose Malasana,WOULD_FETCH,exact-title,Garland Pose Malasana,https://liftmanual.com/garland-pose-malasana/,
deep-squat.jpg,Squat Mobility,WOULD_FETCH,exact-title,Squat Mobility,https://liftmanual.com/squat-mobility/,
90-90.jpg,90 to 90 Stretch,WOULD_FETCH,exact-title,90 to 90 Stretch,https://liftmanual.com/90-to-90-stretch/,
dynamic-90-90.jpg,Dynamic 90 90 Hip Twist,WOULD_FETCH,exact-title,Dynamic 90 90 Hip Twist,https://liftmanual.com/dynamic-90-90-hip-twist/,
shin-box-switch.jpg,Shin Box Switch,WOULD_FETCH,exact-title,Shin Box Switch,https://liftmanual.com/shin-box-switch/,
seated-groin.jpg,Seated Groin Stretch,WOULD_FETCH,exact-title,Seated Groin Stretch,https://liftmanual.com/seated-groin-stretch/,
fire-log.jpg,Double Pigeon Pose (Fire Log),UNMATCHED,UNMATCHED,,,
pretzel.jpg,Pretzel Stretch,WOULD_FETCH,exact-title,Pretzel Stretch,https://liftmanual.com/pretzel-stretch/,
runners-stretch.jpg,Runners Stretch,WOULD_FETCH,exact-title,Runners Stretch,https://liftmanual.com/runners-stretch/,
warrior-1.jpg,Warrior Pose I Virabhadrasana,WOULD_FETCH,exact-title,Warrior Pose I Virabhadrasana,https://liftmanual.com/warrior-pose-i-virabhadrasana/,
warrior-2.jpg,Warrior II Yoga Pose,WOULD_FETCH,exact-title,Warrior II Yoga Pose,https://liftmanual.com/warrior-ii-yoga-pose/,
crescent-moon.jpg,Crescent Moon Pose,WOULD_FETCH,exact-title,Crescent Moon Pose,https://liftmanual.com/crescent-moon-pose/,
tree-pose.jpg,Tree Pose Vrksasana,WOULD_FETCH,exact-title,Tree Pose Vrksasana,https://liftmanual.com/tree-pose-vrksasana/,
eagle-pose.jpg,Eagle Pose Garudasana,WOULD_FETCH,exact-title,Eagle Pose Garudasana,https://liftmanual.com/eagle-pose-garudasana/,
lotus.jpg,Lotus Yoga Pose Padmasana,WOULD_FETCH,exact-title,Lotus Yoga Pose Padmasana,https://liftmanual.com/lotus-yoga-pose-padmasana/,
leg-swings-front.jpg,Back Forward Leg Swings,WOULD_FETCH,exact-title,Back Forward Leg Swings,https://liftmanual.com/back-forward-leg-swings/,
leg-swings-side.jpg,Side to Side Leg Swings,WOULD_FETCH,exact-title,Side to Side Leg Swings,https://liftmanual.com/side-to-side-leg-swings/,
hip-circles.jpg,Standing Hip Circle,WOULD_FETCH,exact-title,Standing Hip Circle,https://liftmanual.com/standing-hip-circle/,
worlds-greatest.jpg,Worlds Greatest Stretch,WOULD_FETCH,exact-title,Worlds Greatest Stretch,https://liftmanual.com/worlds-greatest-stretch/,
pelvic-tilt.jpg,Pelvic Tilt,WOULD_FETCH,exact-title,Pelvic Tilt,https://liftmanual.com/pelvic-tilt/,
standing-pelvic-tilt.jpg,Standing Pelvic Tilt,WOULD_FETCH,exact-title,Standing Pelvic Tilt,https://liftmanual.com/standing-pelvic-tilt/,
cossack-squat.jpg,Cossack Squats,WOULD_FETCH,exact-title,Cossack Squats,https://liftmanual.com/cossack-squats/,
standing-outer-hip.jpg,Standing Outer Hip Stretch,WOULD_FETCH,exact-title,Standing Outer Hip Stretch,https://liftmanual.com/standing-outer-hip-stretch/,
standing-knee-to-chest.jpg,Standing Knee to Chest Stretch,WOULD_FETCH,exact-title,Standing Knee to Chest Stretch,https://liftmanual.com/standing-knee-to-chest-stretch/,
lying-hip-flexor.jpg,Lying Hip Flexor Stretch,WOULD_FETCH,exact-title,Lying Hip Flexor Stretch,https://liftmanual.com/lying-hip-flexor-stretch/,
kneeling-iliopsoas.jpg,Kneeling Iliopsoas Stretch,WOULD_FETCH,exact-title,Kneeling Iliopsoas Stretch,https://liftmanual.com/kneeling-iliopsoas-stretch/,
crossover-kneeling-hip-flexor.jpg,Crossover Kneeling Hip Flexor Stretch,WOULD_FETCH,exact-title,Crossover Kneeling Hip Flexor Stretch,https://liftmanual.com/crossover-kneeling-hip-flexor-stretch/,
flexion-extension-hip.jpg,Flexion and Extension Hip Stretch,WOULD_FETCH,exact-title,Flexion and Extension Hip Stretch,https://liftmanual.com/flexion-and-extension-hip-stretch/,
hip-extension.jpg,Hip Extension Stretch,WOULD_FETCH,exact-title,Hip Extension Stretch,https://liftmanual.com/hip-extension-stretch/,
hip-external-rotator.jpg,Hip External Rotator Stretch,WOULD_FETCH,exact-title,Hip External Rotator Stretch,https://liftmanual.com/hip-external-rotator-stretch/,
seated-hip-external-rotation.jpg,Seated Hip External Rotation,WOULD_FETCH,exact-title,Seated Hip External Rotation,https://liftmanual.com/seated-hip-external-rotation/,
rocker-open-legs.jpg,Rocker With Open Legs,WOULD_FETCH,exact-title,Rocker With Open Legs,https://liftmanual.com/rocker-with-open-legs/,
half-seated-leg-circle.jpg,Half Seated Leg Circle,WOULD_FETCH,exact-title,Half Seated Leg Circle,https://liftmanual.com/half-seated-leg-circle/,
side-lying-leg-circle.jpg,Side Lying Leg Circle,WOULD_FETCH,exact-title,Side Lying Leg Circle,https://liftmanual.com/side-lying-leg-circle/,
lying-single-leg-circle.jpg,Lying Single Leg Circle,WOULD_FETCH,exact-title,Lying Single Leg Circle,https://liftmanual.com/lying-single-leg-circle/,
side-kick.jpg,Side Kick,WOULD_FETCH,exact-title,Side Kick,https://liftmanual.com/side-kick/,
leg-to-side.jpg,Leg to Side,WOULD_FETCH,exact-title,Leg to Side,https://liftmanual.com/leg-to-side/,
lying-abductor.jpg,Lying Abductor Stretch,WOULD_FETCH,exact-title,Lying Abductor Stretch,https://liftmanual.com/lying-abductor-stretch/,
recumbent-hip.jpg,Recumbent Hip External Rotator and Hip Extensor Stretch,WOULD_FETCH,exact-title,Recumbent Hip External Rotator and Hip Extensor Stretch,https://liftmanual.com/recumbent-hip-external-rotator-and-hip-extensor-stretch/,
hawaiian-squat.jpg,Hawaiian Squat,WOULD_FETCH,exact-title,Hawaiian Squat,https://liftmanual.com/hawaian-squat/,
potty-squat.jpg,Potty Squat,WOULD_FETCH,exact-title,Potty Squat,https://liftmanual.com/potty-squat/,
full-squat-mobility.jpg,Full Squat Mobility,WOULD_FETCH,exact-title,Full Squat Mobility,https://liftmanual.com/full-squat-mobility/,
squat-mobility-twist.jpg,Squat Mobility Twist,WOULD_FETCH,exact-title,Squat Mobility Twist,https://liftmanual.com/squat-mobility-twist/,
twisted-leg-lunge.jpg,Twisted Leg Lunge Pose,WOULD_FETCH,exact-title,Twisted Leg Lunge Pose,https://liftmanual.com/twisted-leg-lunge-pose/,
split-sprinter-lunge.jpg,Split Sprinter Low Lunge,WOULD_FETCH,exact-title,Split Sprinter Low Lunge,https://liftmanual.com/split-sprinter-low-lunge/,
lunge-stretch.jpg,Lunge Stretch,WOULD_FETCH,exact-title,Lunge Stretch,https://liftmanual.com/lunge-stretch/,
prayer-squat.jpg,Prayer Squat Yoga Pose,WOULD_FETCH,exact-title,Prayer Squat Yoga Pose,https://liftmanual.com/prayer-squat-yoga-pose/,
animal-resting.jpg,Animal Resting Yoga Pose,WOULD_FETCH,exact-title,Animal Resting Yoga Pose,https://liftmanual.com/animal-resting-yoga-pose/,
standing-figure-four.jpg,Standing Figure Four Pose (Balance),WOULD_FETCH,filename-slug,standing-figure-four-pose,https://liftmanual.com/standing-figure-four-pose/,
standing-balance-hip-rotation.jpg,Standing Balance Hip Rotation,WOULD_FETCH,exact-title,Standing Balance Hip Rotation,https://liftmanual.com/standing-balance-hip-rotation/,
standing-balance-outer-hip.jpg,Standing Balance Outer Hip Stretch,WOULD_FETCH,exact-title,Standing Balance Outer Hip Stretch,https://liftmanual.com/standing-balance-outer-hip-stretch/,
kneeling-sartorius.jpg,Kneeling Sartorius Stretch,WOULD_FETCH,exact-title,Kneeling Sartorius Stretch,https://liftmanual.com/kneeling-sartorius-stretch/,
standing-low-body-rotation.jpg,Standing Low Body Rotation,WOULD_FETCH,exact-title,Standing Low Body Rotation,https://liftmanual.com/standing-low-body-rotation/,
frog-rock.jpg,Rocking Ankle Stretch,WOULD_FETCH,exact-title,Rocking Ankle Stretch,https://liftmanual.com/rocking-ankle-stretch/,
standing-hamstring.jpg,Standing Hamstring Stretch,WOULD_FETCH,exact-title,Standing Hamstring Stretch,https://liftmanual.com/standing-hamstring-stretch/,
standing-high-hamstring.jpg,Standing High Leg Bent Knee Hamstring Stretch,WOULD_FETCH,exact-title,Standing High Leg Bent Knee Hamstring Stretch,https://liftmanual.com/standing-high-leg-bent-knee-hamstring-stretch/,
seated-single-hamstring.jpg,Seated Single Leg Hamstring Stretch,WOULD_FETCH,exact-title,Seated Single Leg Hamstring Stretch,https://liftmanual.com/seated-single-leg-hamstring-stretch/,
leg-up-hamstring.jpg,Leg Up Hamstring Stretch,WOULD_FETCH,exact-title,Leg Up Hamstring Stretch,https://liftmanual.com/leg-up-hamstring-stretch/,
basic-toe-touch.jpg,Basic Toe Touch,WOULD_FETCH,exact-title,Basic Toe Touch,https://liftmanual.com/basic-toe-touch/,
standing-quad.jpg,Standing Quadriceps Stretch,WOULD_FETCH,exact-title,Standing Quadriceps Stretch,https://liftmanual.com/standing-quadriceps-stretch/,
standing-balance-quad.jpg,Standing Balance Quadriceps Stretch,WOULD_FETCH,exact-title,Standing Balance Quadriceps Stretch,https://liftmanual.com/standing-balance-quadriceps-stretch/,
lying-quad.jpg,Quadriceps Lying Stretch,WOULD_FETCH,exact-title,Quadriceps Lying Stretch,https://liftmanual.com/quadriceps-lying-stretch/,
seated-quad.jpg,Seated Quadriceps Stretch,WOULD_FETCH,exact-title,Seated Quadriceps Stretch,https://liftmanual.com/seated-quadriceps-stretch/,
all-fours-quad.jpg,All Fours Quad Stretch,WOULD_FETCH,exact-title,All Fours Quad Stretch,https://liftmanual.com/all-fours-squad-stretch/,
calf-wall.jpg,Calf Stretch with Hands Against Wall,WOULD_FETCH,exact-title,Calf Stretch with Hands Against Wall,https://liftmanual.com/calf-stretch-with-hands-against-wall/,
calves-stretch.jpg,Calves Stretch,WOULD_FETCH,exact-title,Calves Stretch,https://liftmanual.com/calves-stretch/,
standing-gastroc.jpg,Standing Gastrocnemius Calf Stretch,WOULD_FETCH,exact-title,Standing Gastrocnemius Calf Stretch,https://liftmanual.com/standing-gastrocnemius-calf-stretch/,
lunging-calf.jpg,Lunging Straight Leg Calf Stretch,WOULD_FETCH,exact-title,Lunging Straight Leg Calf Stretch,https://liftmanual.com/lunging-straight-leg-calf-stretch/,
standing-achilles.jpg,Standing Achilles Stretch,WOULD_FETCH,exact-title,Standing Achilles Stretch,https://liftmanual.com/standing-achilles-stretch/,
seated-calf.jpg,Seated Calf Stretch,WOULD_FETCH,exact-title,Seated Calf Stretch,https://liftmanual.com/seated-calf-stretch/,
seated-straight-calf.jpg,Seated Straight Leg Calf Stretch,WOULD_FETCH,exact-title,Seated Straight Leg Calf Stretch,https://liftmanual.com/seated-straight-leg-calf-stretch/,
adductor.jpg,Adductor Stretch,WOULD_FETCH,exact-title,Adductor Stretch,https://liftmanual.com/adductor-stretch/,
side-lunge-adductor.jpg,Side Lunge Adductor Stretch,WOULD_FETCH,exact-title,Side Lunge Adductor Stretch,https://liftmanual.com/side-lunge-adductor-stretch/,
sitting-wide-adductor.jpg,Sitting Wide Leg Adductor Stretch,WOULD_FETCH,exact-title,Sitting Wide Leg Adductor Stretch,https://liftmanual.com/sitting-wide-leg-adductor-stretch/,
spread-leg-fold.jpg,Spread Leg Forward Fold Upavista Konasana,WOULD_FETCH,exact-title,Spread Leg Forward Fold Upavista Konasana,https://liftmanual.com/spread-leg-forward-fold-upavista-konasana/,
wide-leg-fold.jpg,Wide Legged Forward Bend Prasarita Padottanasana,WOULD_FETCH,exact-title,Wide Legged Forward Bend Prasarita Padottanasana,https://liftmanual.com/wide-legged-forward-bend-prasarita-padottanasana/,
stand-spread-fold.jpg,Stand Spread Leg Forward Fold,WOULD_FETCH,exact-title,Stand Spread Leg Forward Fold,https://liftmanual.com/stand-spread-leg-forward-fold/,
standing-shin.jpg,Standing Shin Stretch,WOULD_FETCH,exact-title,Standing Shin Stretch,https://liftmanual.com/standing-shin-stretch/,
standing-tibialis.jpg,Standing Tibialis Anterior Stretch,WOULD_FETCH,exact-title,Standing Tibialis Anterior Stretch,https://liftmanual.com/standing-tibialis-anterior-stretch/,
ankle-circles.jpg,Ankle Circles,WOULD_FETCH,exact-title,Ankle Circles,https://liftmanual.com/ankle-circles/,
feet-ankles-rotation.jpg,Feet and Ankles Rotation Stretch,WOULD_FETCH,exact-title,Feet and Ankles Rotation Stretch,https://liftmanual.com/feet-and-ankles-rotation-stretch/,
seated-ankle.jpg,Seated Ankle Stretch,WOULD_FETCH,exact-title,Seated Ankle Stretch,https://liftmanual.com/seated-ankle-stretch/,
downward-dog.jpg,Downward Facing Dog,WOULD_FETCH,exact-title,Downward Facing Dog,https://liftmanual.com/downward-facing-dog/,
standing-forward-bend.jpg,Standing Forward Bend Uttanasana,WOULD_FETCH,exact-title,Standing Forward Bend Uttanasana,https://liftmanual.com/standing-forward-bend-uttanasana/,
hands-to-feet.jpg,Hands to Feet Pada Hastasana,WOULD_FETCH,exact-title,Hands to Feet Pada Hastasana,https://liftmanual.com/hands-to-feet-pada-hastasana/,
warrior-3.jpg,Warrior III Pose,WOULD_FETCH,exact-title,Warrior III Pose,https://liftmanual.com/warrior-iii-pose/,
pyramid.jpg,Pyramid Pose,WOULD_FETCH,exact-title,Pyramid Pose,https://liftmanual.com/pyramid-pose/,
chair-pose.jpg,Chair Pose I Utkatasana I,WOULD_FETCH,exact-title,Chair Pose I Utkatasana I,https://liftmanual.com/chair-pose-i-utkatasana-i/,
dancer.jpg,Dancer Pose Natarajasana,WOULD_FETCH,exact-title,Dancer Pose Natarajasana,https://liftmanual.com/dancer-pose-natarajasana/,
legs-up-wall.jpg,Legs Up the Wall Yoga Pose,WOULD_FETCH,exact-title,Legs Up the Wall Yoga Pose,https://liftmanual.com/legs-up-the-wall-yoga-pose/,
hero.jpg,Hero Pose Virasana,WOULD_FETCH,exact-title,Hero Pose Virasana,https://liftmanual.com/hero-pose-virasana/,
toy-soldier.jpg,Toy Soldier Dynamic Stretch,WOULD_FETCH,exact-title,Toy Soldier Dynamic Stretch,https://liftmanual.com/toy-soldier-dynamic-stretch/,
front-leg-kick.jpg,Front Leg Kick,WOULD_FETCH,exact-title,Front Leg Kick,https://liftmanual.com/front-leg-kick/,
standing-iliotibial.jpg,Standing Iliotibial Stretch,WOULD_FETCH,exact-title,Standing Iliotibial Stretch,https://liftmanual.com/standing-iliotibial-stretch/,
standing-leg-cross-abductor.jpg,Standing Leg Cross Abductor Stretch,WOULD_FETCH,exact-title,Standing Leg Cross Abductor Stretch,https://liftmanual.com/standing-leg-cross-abductor-stretch/,
side-split.jpg,Side Split,WOULD_FETCH,exact-title,Side Split,https://liftmanual.com/side-split/,
front-hamstring.jpg,Front Hamstring Stretch,WOULD_FETCH,exact-title,Front Hamstring Stretch,https://liftmanual.com/front-hamstring-stretch/,
single-straight-leg.jpg,Single Straight Leg Stretch,WOULD_FETCH,exact-title,Single Straight Leg Stretch,https://liftmanual.com/single-straight-leg-stretch/,
standing-hamstrings-back.jpg,Standing Hamstrings and Back Stretch,WOULD_FETCH,exact-title,Standing Hamstrings and Back Stretch,https://liftmanual.com/standing-hamstrings-and-back-stretch/,
plantar-flexion.jpg,Plantar Flexion Stretch,WOULD_FETCH,exact-title,Plantar Flexion Stretch,https://liftmanual.com/plantar-flexion-stretch/,
peroneals.jpg,Peroneals Stretch,WOULD_FETCH,exact-title,Peroneals Stretch,https://liftmanual.com/peroneals-stretch/,
posterior-tibialis.jpg,Posterior Tibialis Stretch,WOULD_FETCH,exact-title,Posterior Tibialis Stretch,https://liftmanual.com/posterior-tibialis-stretch/,
heel-press.jpg,Heel Press,WOULD_FETCH,exact-title,Heel Press,https://liftmanual.com/heel-press/,
standing-toe-up-calf.jpg,Standing Toe Up Calf Stretch,WOULD_FETCH,exact-title,Standing Toe Up Calf Stretch,https://liftmanual.com/standing-toe-up-calf-stretch/,
lying-calf.jpg,Lying Calf Stretch,WOULD_FETCH,exact-title,Lying Calf Stretch,https://liftmanual.com/lying-calf-stretch/,
standing-side-bend.jpg,Standing Side Bend,WOULD_FETCH,exact-title,Standing Side Bend,https://liftmanual.com/standing-side-bend/,
standing-lateral.jpg,Standing Lateral Stretch,WOULD_FETCH,exact-title,Standing Lateral Stretch,https://liftmanual.com/standing-lateral-stretch/,
standing-side-stretch.jpg,Standing Side Stretch,WOULD_FETCH,exact-title,Standing Side Stretch,https://liftmanual.com/standing-side-stretch/,
abdominal-stretch.jpg,Abdominal Stretch,WOULD_FETCH,exact-title,Abdominal Stretch,https://liftmanual.com/abdominal-stretch/,
rotating-stomach.jpg,Rotating Stomach Stretch,WOULD_FETCH,exact-title,Rotating Stomach Stretch,https://liftmanual.com/rotating-stomach-stretch/,
seated-rotation.jpg,Seated Rotation Stretch,WOULD_FETCH,exact-title,Seated Rotation Stretch,https://liftmanual.com/seated-rotation-stretch/,
standing-abs-rotation.jpg,Standing Abs Rotation Stretch,WOULD_FETCH,exact-title,Standing Abs Rotation Stretch,https://liftmanual.com/standing-abs-rotation-stretch/,
mountain-pose.jpg,Mountain Pose,WOULD_FETCH,exact-title,Mountain Pose,https://liftmanual.com/mountain-pose/,
triangle.jpg,Triangle Pose Trikonasana,WOULD_FETCH,exact-title,Triangle Pose Trikonasana,https://liftmanual.com/triangle-pose-trikonasana/,
revolved-triangle.jpg,Revolved Triangle Pose,WOULD_FETCH,exact-title,Revolved Triangle Pose,https://liftmanual.com/revolved-triangle-pose/,
extended-side-angle.jpg,Extended Side Angle Yoga Pose,WOULD_FETCH,exact-title,Extended Side Angle Yoga Pose,https://liftmanual.com/extended-side-angle-yoga-pose/,
revolved-side-angle.jpg,Revolved Side Angle Pose,WOULD_FETCH,exact-title,Revolved Side Angle Pose,https://liftmanual.com/revolved-side-angle-pose/,
reverse-warrior.jpg,Reverse Warrior Pose,WOULD_FETCH,exact-title,Reverse Warrior Pose,https://liftmanual.com/reverse-warrior-pose/,
half-moon.jpg,Half Moon Pose Ardha Chandrasana,WOULD_FETCH,exact-title,Half Moon Pose Ardha Chandrasana,https://liftmanual.com/half-moon-pose-ardha-chandrasana/,
gate-pose.jpg,Gate Pose,UNMATCHED,UNMATCHED,,,
boat-pose.jpg,Boat Yoga Pose,WOULD_FETCH,exact-title,Boat Yoga Pose,https://liftmanual.com/boat-yoga-pose/,
corpse.jpg,Corpse Pose Savasana,WOULD_FETCH,exact-title,Corpse Pose Savasana,https://liftmanual.com/corpse-pose-savasana/,
double-leg-stretch.jpg,Double Leg Stretch,WOULD_FETCH,exact-title,Double Leg Stretch,https://liftmanual.com/double-leg-stretch/,
standing-half-bend.jpg,Standing Half Bend,WOULD_FETCH,exact-title,Standing Half Bend,https://liftmanual.com/standing-half-bend/,
standing-lateral-side.jpg,Standing Lateral Side Stretch,WOULD_FETCH,exact-title,Standing Lateral Side Stretch,https://liftmanual.com/standing-lateral-side-stretch/,
standing-two-side-bend.jpg,Standing Two Side Bend,WOULD_FETCH,exact-title,Standing Two Side Bend,https://liftmanual.com/standing-two-side-bend/,
side-twist.jpg,Side Twist,WOULD_FETCH,exact-title,Side Twist,https://liftmanual.com/side-twist/,
twist-step.jpg,Twist Step Stretch,WOULD_FETCH,exact-title,Twist Step Stretch,https://liftmanual.com/twist-step-stretch/,
floss-sciatic.jpg,Sciatic Nerve Floss,UNMATCHED,UNMATCHED,,,
floss-median.jpg,Median Nerve Floss,UNMATCHED,UNMATCHED,,,
floss-ulnar.jpg,Ulnar Nerve Floss,UNMATCHED,UNMATCHED,,,
floss-radial.jpg,Radial Nerve Floss,UNMATCHED,UNMATCHED,,,
floss-femoral.jpg,Femoral Nerve Floss,UNMATCHED,UNMATCHED,,,
